1,Code CCC,DeadVoxelx,RTwoSix,102060980,No,https://youtu.be/gEzEO_sSQMo?si=h3qCO-ih35jLAL-J,-,-,real,,,,,,,,,,,,,,,,
-,Bloodbath,Riot,Riot,10565740,No,https://youtu.be/twTw4fjT0ik?si=2FXWaw-fy8pkrCb7,-,Extreme,-,,,,,,,,,,,,,,,,
2,Jestem Piekarzem,Sfericzox,Stasiu150,80137897,No,https://www.youtube.com/watch?v=oY6Ad3qY58w,-,-,real,,,,,,,,,,,,,,,,
3,ShikanokoKoshitantan,"RTwoSix, Jerry4",RTwoSix,110895142,No,https://youtu.be/2TnAYyaSfIw?t=316&si=PD2kgauojSF8Za9e,-,-,real,,,,,,,,,,,,,,,,
4,Supersonic Is Dead,RTwoSix,RTwoSix,111182726,No,https://youtu.be/mQj8pfEF9dc?si=TOKddNZlKnIoEF6_,-,-,real,,,,,,,,,,,,,,,,
-,Cataclysm,GgB0y,Riot,3979721,No,https://youtu.be/vGV4j8C66JY?si=OY09YEBHVngaAPiV,-,-,-,,,,,,,,,,,,,,,,
5,Code 69,DeadVoxelx,RTwoSix,97320230,No,https://youtu.be/vYQDOZiyaJo?si=pmcwV5xofs8_xxSa,-,-,real,,,,,,,,,,,,,,,,
-,Crimson Clutter,RedUniverse,RedUniverse,9700312,No,https://youtu.be/3-bYZqsyZAI?si=UvBJyEeH04nVP9Vl,-,-,-,,,,,,,,,,,,,,,,
6,Mystique Resort,Sfericzox,Stasiu150 + zMolten (v2),85457369,No,https://www.youtube.com/watch?v=40O_BTx_SqU,-,-,real,,,,,,,,,,,,,,,,
7,QQQQQQQQQQQQQQQQQQ,dpoopoop,JoRayBeast11,93684428,No,https://youtu.be/uAGRRQTlDvw?si=lo-ZOizRQphC8sWm,-,Insane,real,,,,,,,,,,,,,,,,
8,Code Camelback Jones,Grysoan37,RTwoSix,113253829,No,https://youtu.be/ZX7IDIF9s8A?si=QmHwQYxksMlD_nAY,-,-,real,,,,,,,,,,,,,,,,
9,Labyrinth 2009,FishyFox84,FishyFox84,93195431,No,https://www.youtube.com/watch?v=M_dTTv9DMkg,-,Insane,real,,,,,,,,,,,,,,,,
9,tiny mommy,DeadVoxelx,RTwoSix,115986959,No,https://youtu.be/46SnKCJiI50?si=3-hbnrFPrgkhTMcB,-,-,real,,,,,,,,,,,,,,,,
-,Acropolis,Zobros,Zobros,5155022,No,https://youtu.be/4v39XU7LW7M?si=o-RINl-4UP71ZtbB,-,-,-,,,,,,,,,,,,,,,,
10,Buffed Clubstep,Niknames,Niknames,52308787,No,https://youtu.be/3CcX5ycHAUM?si=DJ9AngwuSLOuwUzp,RTwoSix,-,real,,,,,,,,,,,,,,,,
11,Code 26,RTwoSix,RTwoSix,100896345,No,https://youtu.be/hUXSOCdy4Qg?si=SjofPleNmHYtdmnq,qxwr,-,real,,,,,,,,,,,,,,,,
12,Buffed Clubstep Old,Niknames,RTwoSix,111149125,No,https://youtu.be/t2fh4hBwp5w?si=m_rdU16y-EjnD8mt,-,-,real,,,,,,,,,,,,,,,,
13,Four Seasons,dpoopoop,dpoopoop,90435079,No,https://youtu.be/QGF0UpKi6xE?si=1stJui_Q25rWPR7s,-,Insane,real,,,,,,,,,,,,,,,,
14,Buff Machine,RTwoSix,RTwoSix,106055333,No,https://youtu.be/_Umwmu-MzFs?si=TCyQDRCeJNdMkRbu,-,-,real,,,,,,,,,,,,,,,,
15,The Prototype,Niknames,RTwoSix,91014168,No,https://youtu.be/WH7bA2SymzI?si=nGdTl2OMv54EkYwB,-,-,real,,,,,,,,,,,,,,,,
16,PatiencE,DeadVoxelx,qxwr,89171181,No,-,-,-,real,,,,,,,,,,,,,,,,
17,Ion,Bustrige,RTwoSix,79525184,No,https://youtu.be/AHfJ0qkwGH4?si=1x3i-p8MbVUMF_nO,-,-,real,,,,,,,,,,,,,,,,
18,Not stalemate,"RTwoSix, Nox",qxwr,108775210,No,-,-,-,real,,,,,,,,,,,,,,,,
19,WOKE landscape,ItsMfg,amigmd,109028426,No,https://youtu.be/daUTq7faJrs?feature=shared,RTwoSix,-,real,,,,,,,,,,,,,,,,
-,Windy Landscape,WOOGI1411,WOOGI1411,4957691,No,https://youtu.be/3evF6Ni6xdA?si=sCYQQ45UtDREvHN6,-,-,-,,,,,,,,,,,,,,,,
20,Bufferfunk,RTwoSix,RTwoSix,80235441,No,https://youtu.be/XeJ1fJBiUBw?si=_72FEPCtA6K3m5kH,-,-,real,,,,,,,,,,,,,,,,
21,Despaxito,Sfericzox,Stasiu150,87453639,No,-,-,-,real,,,,,,,,,,,,,,,,
22,Logical Cavity,DeadVoxelx,RTwoSix,99674128,No,https://youtu.be/V0ztp3pMmiY?si=UroAsMKU0ctcruFr,-,-,real,,,,,,,,,,,,,,,,
23,Robathans World,DeadVoxelx,DeadVoxelx,114765900,No,-,-,-,real,,,,,,,,,,,,,,,,
24,Clubstep Circles,DeadVoxelx,RTwoSix,81714319,No,-,-,-,real,,,,,,,,,,,,,,,,
25,Code 133,RexWC,RTwoSix,102173423,No,https://youtu.be/RsBGSxpWx_k?si=3ZDmpUXwjatr1SXf,-,-,real,,,,,,,,,,,,,,,,
26,dorabaesuperhard,RTwoSix,RTwoSix,88071416,No,https://youtu.be/DY0fgws6CaU?si=xnMCsyp8ZKsIFZ0R,-,-,real,,,,,,,,,,,,,,,,
27,SwitchLocked,RTwoSix,RTwoSix,47572331,No,https://www.youtube.com/live/OMb7lMsuSnI?si=562DFs4egWpBPXPH&t=1681,-,-,real,,,,,,,,,,,,,,,,
28,big daddy,DeadVoxelx,DeadVoxelx,91076136,No,https://youtu.be/oOzNIq2e9VI?si=C_H0l1YPW1KOs0GG,-,Hard,real,,,,,,,,,,,,,,,,
29,big daddy old,DeadVoxelx,DeadVoxelx,90798157,No,-,-,-,real,,,,,,,,,,,,,,,,
30,Blast House Nerfed,DeadVoxelx,dpoopoop + qxwr (v2),89354993,No,https://youtu.be/961lOkwFLkQ?si=nfTf4oySqp5FcyOP,RTwoSix,-,real,,,,,,,,,,,,,,,,
31,Theory Of Switching,RTwoSix,RTwoSix,72981319,No,https://youtu.be/iHeyQsR0cvc?si=FV2QLIR2KWk__A1B,-,-,real,,,,,,,,,,,,,,,,
32,consistency wave,dpoopoop,dpoopoop,79915723,No,https://youtu.be/i7Ob_AiQ63o?si=EimKwhnf-McqR7Y5,-,-,real,,,,,,,,,,,,,,,,
33,1aw5reaker,CirclezGD,CirclezGD,82536692,No,https://www.youtube.com/watch?v=UBGKKDwEMp8&ab_channel=CirclezGD,-,-,real,,,,,,,,,,,,,,,,
35,Shutup,NovaBean32,NovaBean32,91539812,No,https://youtu.be/cwZ2TGmi1MU?si=HcmJasYtpCyGMpks,-,-,real,,,,,,,,,,,,,,,,
34,Odd Processing,RTwoSix,RTwoSix,87589019,No,https://youtu.be/66t9w0JXlAA?si=qoTP6VnMS1pUiAEV,-,-,real,,,,,,,,,,,,,,,,
35,noclip buffstep,Wo0,RTwoSix,108850806,Yes,https://youtu.be/W8FzEtq5u20?si=Th1wkMZpUHT5q9i3,-,-,real,,,,,,,,,,,,,,,,
36,Deadlocked Wave x50,DeadVoxelx,DeadVoxelx,84306615,No,-,-,-,real,,,,,,,,,,,,,,,,
37,Dokuz Daireler,CirclezGD,CirclezGD,95238156,No,-,-,-,real,,,,,,,,,,,,,,,,
38,Adrift In The Harbor,RTwoSix & Niknames,RTwoSix,108964815,Yes,https://www.youtube.com/watch?v=NNbKI9yiL0g,-,-,real,,,,,,,,,,,,,,,,
39,Affirm Yes 2,qQxwr,qQxwr,112863009,No,-,-,-,real,,,,,,,,,,,,,,,,
40,Betrayal of Sight,DeadVoxelx,DeadVoxelx,88957978,No,-,-,-,real,,,,,,,,,,,,,,,,
41,ToE 2 FH,"amigmd, RobTop",amigmd,112046927,No,https://youtu.be/VK5Gozk2zTY?feature=shared,-,-,real,,,,,,,,,,,,,,,,
42,RTwoSix Challenge v1,Niknames,Niknames,72653983,No,https://youtu.be/Ey7odUpIlCk?si=U7cIiTybnqDL6yhd,RTwoSix,-,real,,,,,,,,,,,,,,,,
43,Hanny Bossfight,DeadVoxelx,DeadVoxelx,114821348,No,https://youtu.be/bOWhY2W5PUY?si=0AVU_GChi7J7CQuZ,-,-,real,,,,,,,,,,,,,,,,
44,RTwoSix Challenge v2,Niknames,Niknames,80773687,No,https://youtu.be/cZ9PWxImU9I?si=LgrcmBcuJeff8i2p,RTwoSix,-,real,,,,,,,,,,,,,,,,
