1,Silentdinamix 4,Kyle3y78,103122729,https://youtu.be/rFbZ3Cdic2I?si=s0HZwQEPxFCCVykK,Impossible,,,,,,,,,,,,,,,,,,
2,leve lim possible,DeadVoxelx,95271910,https://youtu.be/yVS66Vbvr3c?si=i4vnZIMV6IwFt1sq,Impossible,,,,,,,,,,,,,,,,,,
3,tragic aftermath,RTwoSix,111315511,https://youtu.be/k0ZvXaQgHhI?si=gw3xYJlwknUsGJTm,Impossible,,,,,,,,,,,,,,,,,,
4,Blast House,DeadVoxelx,88507414,https://youtu.be/PZlElY2PtNg?si=ZMmBj3NkXA7v5LHr,Impossible,,,,,,,,,,,,,,,,,,
5,through the wave,BaconNoob,34181056,-,Impossible,,,,,,,,,,,,,,,,,,
6,Orange Mayhem (1P),BaconNoob,34180703,-,Impossible,,,,,,,,,,,,,,,,,,
7,Code XTC,DeadVoxelx,97554380,https://youtu.be/J2is_jWZs7Q?si=EiEYzgvCYKcaD-f8,Impossible,,,,,,,,,,,,,,,,,,
8,Peaceful Mode,dpoopoop,94900837,https://youtu.be/2Tw2pfhCWf4?si=ANQYM-j9PJLhlvTS,Unverified,,,,,,,,,,,,,,,,,,
9,blozameat rm,BaconNoob,39733064,-,Unverified,,,,,,,,,,,,,,,,,,
10,Wacheron,DeadVoxelx,89767686,-,Unverified,,,,,,,,,,,,,,,,,,
11,Crack On Track,DeadVoxelx,107934688,https://youtu.be/rYHU454dU34?si=k15o8pOaL1vPEzOG,Unverified,,,,,,,,,,,,,,,,,,
12,Code 8008,DeadVoxelx,102636122,https://youtu.be/rR22y1mBHks?si=PjMB7ovKWsZmShQw,Unverified,,,,,,,,,,,,,,,,,,
13,Stereo Fucness,DeadVoxelx,107301969,https://youtu.be/qHtxTcgfI20?si=UhcjhZdxzIOPQ2VN,Unverified,,,,,,,,,,,,,,,,,,
14,Boss Adventure XL,BaconNoob,43703131,https://youtu.be/ZSsm7evQSCo?si=AVtVdUxJ8lD1rEBU,Unverified,,,,,,,,,,,,,,,,,,
15,WL In Hell,RTwoSix,111183053,-,Unverified,,,,,,,,,,,,,,,,,,
16,Stale PolterPolis,RTwoSix,111210516,-,Unverified,,,,,,,,,,,,,,,,,,
17,Code 41,ThirtyOnee,105354427,https://youtu.be/sN-uZTn1-Fc?si=29gMU7FVAP7eHpGs,Unverified,,,,,,,,,,,,,,,,,,
