1,ConClusion,DreamZoneGD,qd1m,96471171,"~55,000",No,https://www.youtube.com/watch?v=A4DIqkAHa8E,Extreme,,,,,,,,,,,,,,,,,
2,shimmer (Amplitron),Amplitron,qxwr,94156085,"23,407",Yes,https://youtu.be/qANQKBkuKtg?si=DVUzGNHqn9BAoRmb,Extreme,,,,,,,,,,,,,,,,,
3,Amalgam,XLSpiral,Aero,95675702,-,Yes,https://youtu.be/YSVs7R1cYQE?si=sMHpsKPhrWmwtxnz,Extreme,,,,,,,,,,,,,,,,,
4,Bloodlust,Knobbelboy,RTwoSix,42584142,"35,022",No,https://youtu.be/n7g1v769h2g?si=EF_kYtGDE09noD5A,Extreme,,,,,,,,,,,,,,,,,
5,Spectrum Cyclone,lTemp,ThirtyOnee,59209010,-,No,https://youtu.be/Q_0LZPu7msw?si=jOpft1H5L2S3iVV5,Extreme,,,,,,,,,,,,,,,,,
6,Fog,notesxd,ThirtyOnee,90853661,"~32,000",No,https://youtu.be/-16MqTnMamw?si=u8mrb0hSeG_pwtCy,Extreme,,,,,,,,,,,,,,,,,
7,ATOMIC CANNON,LIEB,ThirtyOnee,77681476,"104,669",No,https://youtu.be/J-0vkKSo8Yk?si=SZeg_F9923CNWA3c,Extreme,,,,,,,,,,,,,,,,,
8,Storming Summit,IINimbusII,Aero,76653933,31795,No,https://youtu.be/q7zdRh6xNg8?feature=shared,Extreme,,,,,,,,,,,,,,,,,
9,Aquatic Auroras,EndLevel,Stasiu150,60740290,"18,262",No,https://youtu.be/5pJCu77JsEM?si=cBjbAq6emX-QqQRG,Extreme,,,,,,,,,,,,,,,,,
10,Ploink,Goobfrudla,dpoopoop,96590328,37458,Yes,https://www.youtube.com/watch?v=2d6jzxTobKw,Extreme,,,,,,,,,,,,,,,,,
11,Sonic Wave,lSunix,RTwoSix,26681070,27981,No,https://youtu.be/3e_05FDedVU?si=E5-hZ8NY2mXAXwDN,Extreme,,,,,,,,,,,,,,,,,
12,Sonic Wave Rebirth,Serponge,RTwoSix,68688849,"2,314",No,https://youtu.be/dNurTFOVf9g?si=sPRenlsViIWBMSoB,Extreme,,,,,,,,,,,,,,,,,
13,Erebus,BoldStep,RTwoSix,31462941,"20,389",No,https://youtu.be/ljJIRoksDOM?si=06uup5l0ndgSIGZn,Extreme,,,,,,,,,,,,,,,,,
14,Yatagarasu,TrusTa,RTwoSix,28220417,"12,456",No,https://youtu.be/aD25RtACVto?si=pyhVvOg6kVHUubgK,Extreme,,,,,,,,,,,,,,,,,
15,Kuzureta,Teno,Niknames,71216292,68810,No,https://youtu.be/--7HSlZv3t0?si=aJxBm2sINAfN1xta,Extreme,,,,,,,,,,,,,,,,,
16,Timor,Colorbolt,Stasiu150,65969451,"4,593",No,https://youtu.be/oi55jbcPb60?si=nXVKLbprimjDC7Hr,Extreme,,,,,,,,,,,,,,,,,
17,Chromatic Haze,Cirtrax,Aero,62869408,40149,No,https://www.youtube.com/watch?v=HnnWG6ti04c,Extreme,,,,,,,,,,,,,,,,,
18,Stalemate Redux,GdTheTactiq,RTwoSix,37398911,16112,No,https://youtu.be/2OYr7uTHCww?si=gai9xVTrpksRCS_4,Extreme,,,,,,,,,,,,,,,,,
19,Delta Interface,Platnuu,Stasiu150,45094581,"4,552",No,https://youtu.be/EcxpxLRh5RY?si=LDYUF-dg9c_7XYKL,Extreme,,,,,,,,,,,,,,,,,
20,Killbot,Lithifusion,FishyFox84,38754426,"~50,000",No,https://www.youtube.com/watch?v=UQvPvOGYdpw,Extreme,,,,,,,,,,,,,,,,,
21,Artificial Ascent,Viprin,Stasiu150,27122654,"3,799",No,https://www.youtube.com/watch?v=318IgIS9zhI&t=0s,Extreme,,,,,,,,,,,,,,,,,
22,Quantum Processing,Riot,RTwoSix,38235367,21597,Yes,https://youtu.be/w8is9SbyfBg?si=EydrfGHU2f6t7-Jl,Extreme,,,,,,,,,,,,,,,,,
23,Black Blizzard,Krmal,Stasiu150,34057654,"4,349",No,https://youtu.be/UVCAI-1B0RU?si=JDTCVPXvzx0Fdp_6,Extreme,,,,,,,,,,,,,,,,,
24,distraught,Alkali,Stasiu150,55224007,"3,987",No,https://youtu.be/I0l2GkJACoc?si=tHdedkC2gLR8cET4,Extreme,,,,,,,,,,,,,,,,,
25,Auditory Breaker,LazerBlitz,RTwoSix,51791710,"5,766",No,https://youtu.be/cxnRh8kHyys?si=kuZ-sSv6WYGw8tev,Extreme,,,,,,,,,,,,,,,,,
26,Hyper Paradox,ItsHybrid,Aero,61531210,4843,No,https://www.youtube.com/watch?v=wZ7RuzwM84w,Extreme,,,,,,,,,,,,,,,,,
27,DMG CTRL,GhostVandalf,Stasiu150,73733373,"3,229",No,https://youtu.be/cS_OeZjQJBg?si=oGLNy4sd18unJBPL,Extreme,,,,,,,,,,,,,,,,,
28,Shock Therapy,Arb71743,Stasiu150,57121503,"4,847",No,https://youtu.be/g8_DhaqXd1I?si=-eglgG-A_R8YG9bq,Extreme,,,,,,,,,,,,,,,,,
29,SubSonic,ViPriN,FDeFran,33387622,"13,428",Yes,https://youtu.be/l-Thw4GyapU?si=QXLA8PXxTJSUVaA9,Extreme,,,,,,,,,,,,,,,,,
30,Dolos,Enzeux,Stasiu150,58417850,"2,709",No,https://youtu.be/nPqCHpQbS5Q?si=hEcU0M3lPfSAgpTg,Extreme,,,,,,,,,,,,,,,,,
31,i hate you,AlrexX,qd1m,68323859,"~25,000",No,https://www.youtube.com/watch?v=ELyV8d5c5mk,Extreme,,,,,,,,,,,,,,,,,
32,Mujigae,Freaklin,Stasiu150,38765979,"1,957",No,https://www.youtube.com/watch?v=TRhYGu5vTuM,Extreme,,,,,,,,,,,,,,,,,
33,New Record,Temp,Stasiu150,76760593,">2,500",No,https://youtu.be/rOSJRv5yftM?si=bHOQUWXXinWKsJhg,Extreme,,,,,,,,,,,,,,,,,
34,Ithacropolis,BIGMAC77,Stasiu150,41149984,"2,014",No,https://youtu.be/bpTzjydWuIY?si=ldR6RkoSalRkEpuh,Extreme,,,,,,,,,,,,,,,,,
35,DARKENED,BIANOX,Stasiu150,66085306,"2,117",No,https://youtu.be/9NbkpVHI3WI?si=AWeSlqY0AE5nm2uZ,Extreme,,,,,,,,,,,,,,,,,
36,EnvY,DanZmeN,Stasiu150,45411361,"1,681",No,https://youtu.be/UR8HYjHDP9g?si=8BaFckf5yF8HdvWi,Extreme,,,,,,,,,,,,,,,,,
37,Athanatos,Exenity,RTwoSix,26133601,"6,256",No,https://youtu.be/r2Gn3kTfJcI?si=EuIk8H2QylK5mZwP,Extreme,,,,,,,,,,,,,,,,,
38,Carnage Mode,Findexi,RTwoSix,36107975,"3,631",No,https://youtu.be/TQP9NKLiGyM?si=VLXxpNSFYkJeh16T,Extreme,,,,,,,,,,,,,,,,,
39,Blade of Justice,Manix648,RTwoSix,35448603,4666,No,https://youtu.be/el0kU7Kxlww?si=Fdfiv2WTofqoGp3e,Extreme,,,,,,,,,,,,,,,,,
40,Betrayal of Fate,weoweoteo,RTwoSix,20329544,-,No,https://youtu.be/-HbZxdlsNUc?si=Nwlrzy6Azdo7_67J,Extreme,,,,,,,,,,,,,,,,,
41,ABEL,Dienid,dpoopoop,86595871,-,No,https://youtu.be/o-Rn6Xaz0JM?si=9-G9jvTf7zEoki-W,Extreme,,,,,,,,,,,,,,,,,
42,Inside,Hypno,Sfericzox,114321891,"6,788",No,https://www.youtube.com/watch?v=j3KVUb7FnHU,Extreme,,,,,,,,,,,,,,,,,
43,Ecstasy,SleyGD,zMolten,65249411,-,No,https://youtu.be/dgFFuz1gKjs?si=T_hgwmdcggb4ZAK3,Extreme,,,,,,,,,,,,,,,,,
44,Bloodbath,Riot,RTwoSix,10565740,7271,No,https://youtu.be/DqKNvkPTH4M?si=z-yHjPT4Nybkv4iI,Extreme,,,,,,,,,,,,,,,,,
45,Idols,ZafkielGD,Bustrige,48175126,-,Yes,https://youtu.be/6aLQyXR1K44?si=glS3LS2MV0FQ_V0E,Extreme,,,,,,,,,,,,,,,,,
46,Down Bass,Spectruh,PotatoDaMan,8147005,"22,326",No,https://youtu.be/WRQIMJ2MG6c?si=WQUT-l1PkzqZu-2N,Extreme,,,,,,,,,,,,,,,,,
47,Prismatic Haze,Cirtrax,qxwr,59899374,"2,122",No,https://youtu.be/wVeg3hM6WTM?si=-DlE_rSsLh7q9UhI,Extreme,,,,,,,,,,,,,,,,,
48,cytokinesis,cherryteam,Niknames,93752979,9206,No,https://youtu.be/1ui10fmeVq8?si=xn7rc-Bn_G2WIEOg,Extreme,,,,,,,,,,,,,,,,,
49,Quaoar,Viprin,Niknames,80177488,8035,No,https://youtu.be/StU1zD3wOl4?si=jwFC7xQVJ3jRfQUP,Extreme,,,,,,,,,,,,,,,,,
50,Lotus,ZeroSR,dpoopoop,104619741,"7,370",No,https://youtu.be/uXKzgWK8YvU?si=N0FUfDfgy7daogBi,Extreme,,,,,,,,,,,,,,,,,
51,1330x,ewop,qd1m,78374157,-,No,https://www.youtube.com/watch?v=St2euzsn92Y,Extreme,,,,,,,,,,,,,,,,,
52,aftermath,IIExenityII,RTwoSix,25610878,3379,Yes,https://youtu.be/w2k1CkAcx-Q?si=SZqrL0IyscnZSBpo,Extreme,,,,,,,,,,,,,,,,,
53,Annihilation Nation,Zylenox,qxwr,480031,836,No,https://youtu.be/VAbTfMm6Bwc?si=4TimKKShv1VaL330,Extreme,,,,,,,,,,,,,,,,,
54,Hopping Over Puddles,J27Blaze,Aero,96383314,,No,https://youtu.be/1_8dMhLaXLg?feature=shared,Extreme,,,,,,,,,,,,,,,,,
55,Niflheim,Vismuth,3point1,30194711,-,No,https://youtu.be/1_8dMhLaXLg?feature=shared,Extreme,,,,,,,,,,,,,,,,,
56,Heartbeat,KrmaL,RTwoSix,20321297,-,No,https://youtu.be/urXbk3kcM4Q?si=5zwSM_fnl5_H85cr,Extreme,,,,,,,,,,,,,,,,,
57,INNARDS,Kaito,Bustrige,54588072,"16,876",No,https://youtu.be/Mx98IDEG64g?si=t1QvqnBc-mRIzWVM,Extreme,,,,,,,,,,,,,,,,,
58,Audio Extraction,GoodSmile,Stasiu150,22434793,-,No,https://youtu.be/_OqwHdY6q4g?si=NsrcocjJhepTmAXE,Extreme,,,,,,,,,,,,,,,,,
59,Shimmer (Mercury6779),Mercury6779,qxwr,114510471,704,No,https://youtu.be/uT1OtpccwuM?si=gaJOpDnGA-vuIgo4,Extreme,,,,,,,,,,,,,,,,,
60,Volume,Metalface221,Bustrige,48020496,4265,No,https://youtu.be/6HSckvSxvHY?si=K2BGERs2yAPD-uq3,Extreme,,,,,,,,,,,,,,,,,
61,headlock,pocke,Xeoscorp,94353238,-,No,https://youtu.be/MqGrDJSKzZE?si=p3gCUYmY8JG-B0bH,Extreme,,,,,,,,,,,,,,,,,
62,Dumbest Girl Alive,Renn241,3point1,90064781,-,No,https://youtu.be/QSh1711Pmxo?si=yfxhPU1MdbKc9lGS,Extreme,,,,,,,,,,,,,,,,,
63,Shukufuku,joker179114,qxwr,93916671,553,No,https://youtu.be/eysPgB0GxM4?si=k-Xz6O23efggyyfu,Extreme,,,,,,,,,,,,,,,,,
64,Red World Rebirth,Riot,RTwoSix,20077821,2087,Yes,https://youtu.be/0XHdds8qWQY?si=txef7nrpkfd-7LaC,Extreme,,,,,,,,,,,,,,,,,
65,Psychotic,ch4rlie03,dpoopoop,89277532,-,No,https://youtu.be/lNKBBkSVAes?si=-OHm1K0rG6T1b56f,Extreme,,,,,,,,,,,,,,,,,
66,The Ultimate Phase,Andromeda GMD,RTwoSix,7174110,7654,No,https://youtu.be/30GBdm1oJ0w?si=Piq-iqvlUhqUNKlR,Extreme,,,,,,,,,,,,,,,,,
67,Deception Dive,Rustam,Xeoscorp,34379100,-,No,https://youtu.be/bRyEIiiVbE0?si=W3b0-K0-b0SbXDss,Extreme,,,,,,,,,,,,,,,,,
68,OXI,Sycro,Aero,103411024,,No,https://youtu.be/2zLo3AQPqBQ?feature=shared,Extreme,,,,,,,,,,,,,,,,,
69,Broken Signal,Grax,Aero,69104884,-,No,https://youtu.be/vAs19hfAr9k?feature=shared,Extreme,,,,,,,,,,,,,,,,,
70,TROLLMACHINE,TROLLM4CHINE,PotatoDaMan,84325817,-,No,https://youtu.be/ooa2VMGvqEM?si=5I7rHyYMCGN9YTjc,Extreme,,,,,,,,,,,,,,,,,
71,La Llorona,cherryteam,RTwoSix,92362284,5991,No,https://youtu.be/qdmLcc7EiPo?si=3R7FKukfHpljAbK-,Extreme,,,,,,,,,,,,,,,,,
72,ILOVECYAN,AVRG,LobsterLicker69,78119012,-,No,https://www.youtube.com/watch?v=X0vX9kuQREU,Extreme,,,,,,,,,,,,,,,,,
73,nightparty,Rlol,Bustrige,39242117,"5,970",Yes,https://youtu.be/2PT0SloyStc?si=JXhkvGbJ4l3vHXcb,Extreme,,,,,,,,,,,,,,,,,
74,Vignette,fCrouley,Sfericzox,70132215,4765,No,https://youtu.be/Uu50shwXF38?si=OduqK1sd0CIF5JoW,Extreme,,,,,,,,,,,,,,,,,
75,Crowd Control,Movietheaters,Aero,69491632,,No,https://youtu.be/crDpg3oSXys?feature=shared,Extreme,,,,,,,,,,,,,,,,,
76,Hypersonic,Viprin,Xeoscorp,30219145,-,No,https://www.youtube.com/watch?v=hRaq-0Foy6Y,Extreme,,,,,,,,,,,,,,,,,
77,Master Duel,Zylenox,Xeoscorp,57359114,-,No,https://youtu.be/hcdFADua0V0?si=yuk5lgAcfmmCyv3D,Insane,,,,,,,,,,,,,,,,,
78,Duelo Maestro,Nacho21,Xeoscorp,23298409,-,No,https://www.youtube.com/watch?v=l5wSX_QMfbc,Insane,,,,,,,,,,,,,,,,,
79,Penombre,ZephiroX,Bustrige,48454650,"9,187",Yes,https://youtu.be/gWpy4qKDXBc?si=Vo6_SdCBwk0U4L7S,Extreme,,,,,,,,,,,,,,,,,
80,Cataclysm,Ggb0y,RTwoSix,3979721,3575,No,https://youtu.be/Spqqvm1HaV4?si=ucvHXlN3FfF4xxkZ,Extreme,,,,,,,,,,,,,,,,,
81,BLACKLIGHTS,Findexi,qxwr,36107975,-,No,https://youtu.be/nzd1jRlMbCc?si=wHUDdeeHocGCn_uz,Extreme,,,,,,,,,,,,,,,,,
82,Shimmering Chamber,Devilmine,qxwr,93726172,810,No,https://youtu.be/onqF8UvzrTw?si=UqYZgkU7PsRgWFCH,Extreme,,,,,,,,,,,,,,,,,
83,Forbidden Isle,Sillow,qxwr,63775846,"2,896",No,https://www.youtube.com/watch?v=ntwfv59VQYI,Extreme,,,,,,,,,,,,,,,,,
84,FISH FISH GODMODE,whoiskeve,PotatoDaMan,89807521,-,No,https://youtu.be/hM4DfNXenjM?si=sdmT-bKwQj6cxFK2,Extreme,,,,,,,,,,,,,,,,,
85,Incipient,Jenkins,DeadVoxelx,32688321,-,No,https://www.youtube.com/watch?v=dQw4w9WgXcQ,Extreme,,,,,,,,,,,,,,,,,
86,niflhel,IShardI,3point1,90197147,-,No,https://youtu.be/Om3nmONRuHA?si=aWN7IJSpYP6BPyFP,Extreme,,,,,,,,,,,,,,,,,
87,Through The Decay,sparktwo,qxwr,114933189,"1,102",No,https://www.youtube.com/watch?v=aD2P1SeAYhs,Extreme,,,,,,,,,,,,,,,,,
88,Disruption,Ka1sa,qxwr,78687216,725,No,https://www.youtube.com/watch?v=hS8fT0P0MqU,Extreme,,,,,,,,,,,,,,,,,
89,Helios,Canonlaw,Dom,71728635,-,No,https://www.youtube.com/watch?v=HfOi8rkdjZw,Extreme,,,,,,,,,,,,,,,,,
90,SIGSEGV,Sminx,dpoopoop,61936205,-,No,https://youtu.be/u-DuYamApqc?si=2zZo2hYrOkdqP3Z2,Extreme,,,,,,,,,,,,,,,,,
91,GLISTEN,Squizaaard,dpoopoop,74924716,-,No,https://youtu.be/z6aRPgwjlSg?si=3090q-SoBNy9hArD,Extreme,,,,,,,,,,,,,,,,,
92,Azurite,Sillow,Aero,62214792,-,No,https://youtu.be/Z0xB8KvBuQs?si=a0BxSb9dnw0CTgMx,Extreme,,,,,,,,,,,,,,,,,
93,phantasmogoria (whlt),whlt,Aero,76670086,-,Yes,https://youtu.be/h14ZVHEwukM?feature=shared,Extreme,,,,,,,,,,,,,,,,,
94,9blue,Sardina,Xeoscorp,95061038,-,No,https://www.youtube.com/watch?v=joXwJYlWG1s,Extreme,,,,,,,,,,,,,,,,,
95,Uprise,Astroboyzzz,ThirtyOnee,14977845,-,No,https://www.youtube.com/watch?v=8_v6Cs2QJmM,Extreme,,,,,,,,,,,,,,,,,
96,Devils Disco,SoDaZ,Sfericzox,75350544,-,No,https://www.youtube.com/watch?v=cNk7bxHUGLY,Extreme,,,,,,,,,,,,,,,,,
97,niwa,Teno,Aero,87425029,-,No,https://youtu.be/2B_aYyIxK7A?si=MuAPPwszeg_xcH-w,Extreme,,,,,,,,,,,,,,,,,
98,Twitch Denan,Kapycta999,Aero,95914480,-,No,https://youtu.be/Jf4H1xI_lvA?si=0hwfHUrlsKphTWGT,Extreme,,,,,,,,,,,,,,,,,
99,Atmosphere,Panya0208,Aero,92894241,?,No,https://www.youtube.com/watch?v=eRqPUFZc5p4&t=29s,Extreme,,,,,,,,,,,,,,,,,
100,Decay,KiwiPenguin,Stasiu150,84354027,-,No,https://youtu.be/cHb0EDaHOq4?si=I8_y5MST4zVUDR5V,Extreme,,,,,,,,,,,,,,,,,
101,Mizureta,dutchiee,qxwr,95764848,861,No,https://youtu.be/yqAkYPSQjQk?si=RGU2hL4r0W-YBI-6,Extreme,,,,,,,,,,,,,,,,,
102,troll level,lexycat,PotatoDaMan,76196489,-,No,https://youtu.be/K_4Vj5zpsh4?si=UOdfmmLgSR4HqNf1,Extreme,,,,,,,,,,,,,,,,,
103,Corrosion,Killa,Stasiu150,58385535,-,No,https://www.youtube.com/watch?v=xoRTODqn-nU,Extreme,,,,,,,,,,,,,,,,,
104,encroaching dark,e3ea,ThirtyOnee,100041767,"3,320",No,https://youtu.be/aAWxYsX_hRU?si=Zha_fp-seK-WVURm,Extreme,,,,,,,,,,,,,,,,,
105,Sweater Weather,VelYT,qxwr,81148582,753,No,https://youtu.be/vQagGF-OvS8,Extreme,,,,,,,,,,,,,,,,,
106,Mystic Bounds,gmdmann,qxwr,93549959,879,No,https://youtu.be/Nqa36orr4cQ?si=1zv89kKLFgHVebYn,Extreme,,,,,,,,,,,,,,,,,
107,Anya III,Anya21,qxwr,81257586,772,No,https://www.youtube.com/watch?v=VNkYNa4W4TE,Extreme,,,,,,,,,,,,,,,,,
108,Acu,neigefeu,Bustrige,61079355,2716,No,https://youtu.be/FqpMBLWx7Ho?si=_OPjr8AlpkWelXqm,Extreme,,,,,,,,,,,,,,,,,
109,Mint Candy,SoDaZ,Sfericzox,66212145,-,No,https://www.youtube.com/watch?v=kICY5iqIzLQ,Insane,,,,,,,,,,,,,,,,,
110,Clarity,Hypno,Sfericzox,112412828,-,No,https://youtu.be/N2s11DsgL64?si=ZD7TVoFIQiQp29oZ,Extreme,,,,,,,,,,,,,,,,,
111,Precipitance,Extravagon,Sfericzox,60197839,2859,No,https://youtu.be/rNK6f1VTfVs?si=GfL6uDz790Adq0iT,Extreme,,,,,,,,,,,,,,,,,
112,High Heat,BiBox,Aero,91782999,231,No,https://www.youtube.com/watch?v=MSwU4Nadnzs,Extreme,,,,,,,,,,,,,,,,,
113,Dreamfully,Ka1sa,qxwr,83444609,892,No,https://youtu.be/y8ltRcBO4nQ?si=Y29K9t1uKbDt2iiq,Insane,,,,,,,,,,,,,,,,,
114,Frenzy,Whippie37,dpoopoop,91294711,2418,No,https://youtu.be/SDKjh1Dj3CY?si=Es4Ys3uZSnF0Um06,Extreme,,,,,,,,,,,,,,,,,
115,Gunslinga Corridor,zEvilPrisma,RTwoSix,58069223,1423,No,https://youtu.be/4EAF3ZNA8iw?si=QGnZCRHwX8h7SDhq,Insane,,,,,,,,,,,,,,,,,
116,Thanatophobia,ARtu,Niknames,62809982,-,No,https://youtu.be/zI03aXY3Tvc?si=DtmB5FaceVna7FF-,Insane,,,,,,,,,,,,,,,,,
117,Plasmatic,JumpingTheory,qxwr,95565191,"1,431",No,https://www.youtube.com/watch?v=d9X0QRE6M40,Insane,,,,,,,,,,,,,,,,,
118,TANTRUM,Danzmen,qxwr,61910810,"1,126",No,https://www.youtube.com/watch?v=4iTMCQMGz-U,Extreme,,,,,,,,,,,,,,,,,
119,Es Dilar Nos,Mulpan,Sfericzox,45023719,-,No,https://www.youtube.com/watch?v=sCGVcS3ZAgs,Insane,,,,,,,,,,,,,,,,,
120,Delirium Tremens,Vadi,dpoopoop,73289291,1472,No,https://www.youtube.com/watch?v=4X-qokALkF0,Extreme,,,,,,,,,,,,,,,,,
121,Kidsmoke,GmD SamUL,Sfericzox,59014439,-,No,https://www.youtube.com/watch?v=V4vp28en7Sc,Insane,,,,,,,,,,,,,,,,,
122,Prismatic,CatGeo,qxwr,107341811,514,No,https://www.youtube.com/watch?v=3vH8jqxdq80,Insane,,,,,,,,,,,,,,,,,
123,Auroral Bloom,Loltad,Sfericzox,81043147,-,No,https://www.youtube.com/watch?v=5ULYcv_O2Fo,Insane,,,,,,,,,,,,,,,,,
124,MOTHMELONS,Valentlne,Aero,79428382,?,No,https://youtu.be/eekSq12aigQ?feature=shared,Insane,,,,,,,,,,,,,,,,,
125,ICE Carbon Diablo X,Roadbose,RTwoSix,814678,5642,No,https://youtu.be/2vxxrbIx3Z8?si=_OlEcJujp2JF-X04,Insane,,,,,,,,,,,,,,,,,
126,Shade Dissolver,Vlacc,Sfericzox,60642651,-,No,https://www.youtube.com/watch?v=Ifolgz4LOWY,Insane,,,,,,,,,,,,,,,,,
127,Delightful Blossoms,Sparkle224,3point1,81816424,"<1,000",No,https://youtu.be/NhNaZ5lvfoc?si=4MwuyalJEdGnlutC,Insane,,,,,,,,,,,,,,,,,
128,Plasma Pulse II,Giron,3point1,13457056,"1,393",No,https://youtu.be/R6rDdoqB_-A?si=_zW5p8ImPDi3G0K4,Insane,,,,,,,,,,,,,,,,,
129,Crimson Clutter,RedUniverse,RTwoSix,9700312,1637,No,https://www.youtube.com/watch?v=AidaCCg_ILk,Insane,,,,,,,,,,,,,,,,,
130,Turbo Overdrive,N3moProd,Aero,80180301,,No,https://youtu.be/rzztYt2MUEA?feature=shared,Insane,,,,,,,,,,,,,,,,,
131,Dustmuncher,Loltad,Sfericzox,87462575,-,No,https://www.youtube.com/watch?v=tGPssNUCjnk,Insane,,,,,,,,,,,,,,,,,
132,Achlys,Novaach,Xeoscorp,68662732,-,No,https://youtu.be/HN6eumfGK_M?si=jr_kp-JmDzqc3aIo,Insane,,,,,,,,,,,,,,,,,
133,Kuiper,GD Quasar,RTwoSix,27655282,2287,No,https://youtu.be/Q8JAlcrGrP0?si=lJqzATYFOC2D-mJe,Insane,,,,,,,,,,,,,,,,,
134,Reapers,Zafkiel7,Xeoscorp,37108756,-,No,https://youtu.be/UUtw-GWI9l0?si=HKvfDcc0O7FpzjYu,Insane,,,,,,,,,,,,,,,,,
135,Leyak,EnZore,PotatoDaMan,61137742,-,No,https://youtu.be/o3z3pHoPFHY?si=IbIPCf44LHdyPtPt,Insane,,,,,,,,,,,,,,,,,
136,CMYK,ewop,qxwr,68786602,867,No,https://youtu.be/8qjItihBQm8?si=E800Eal4UUfaso7e,Insane,,,,,,,,,,,,,,,,,
137,Lunatic Doom Machine,SrGuillester,RTwoSix,15625052,-,No,https://youtu.be/pH3czVZigXc?feature=shared,Insane,,,,,,,,,,,,,,,,,
138,Sonic Wave Unlimited,zNotNinja,Xeoscorp,102265892,-,No,https://www.youtube.com/watch?v=OXZ-CRoYWfc,Insane,,,,,,,,,,,,,,,,,
139,Pulsar,iIAkariIi,RTwoSix,39099108,"1,924",No,https://youtu.be/UGXeUd5dorg?si=_s1CoSMtcH17_gdA,Insane,,,,,,,,,,,,,,,,,
140,The Secret Box,Metalface221,RTwoSix,33405303,-,No,https://youtu.be/iVjf-WgpVxA?si=VMWeazihFIsodeVY,Insane,,,,,,,,,,,,,,,,,
141,Crying Souls,Knobbelboy,RTwoSix,12423506,1182,No,https://youtu.be/Gcmf0Uz9nm8?si=pxeHfxCfrsuoF_FN,Insane,,,,,,,,,,,,,,,,,
142,Mild und leise,SamMaxx,qxwr,68105278,645,No,https://youtu.be/M76iMmtxMfI?si=q0vAHgEcbvdkIpfr,Insane,,,,,,,,,,,,,,,,,
143,Gumshot,qMystic,dpoopoop,75806677,-,No,https://youtu.be/lnw3NlCOXh0?si=F1q9gDPKxicmYNSo,Insane,,,,,,,,,,,,,,,,,
144,Acropolis,Zobros,AbsoluX,5155022,3302,No,https://youtu.be/4v39XU7LW7M?si=vjtiSVYbLk4FUDG8,Insane,,,,,,,,,,,,,,,,,
145,8o,Zobros,RTwoSix,9145341,2001,No,https://youtu.be/QFtM3LCvHGA?si=tgw6eXJInrLLeaza,Insane,,,,,,,,,,,,,,,,,
146,BuTiTi II,JonathanGD,Aero,37259527,,No,https://youtu.be/BEVn04toTPI?feature=shared,Insane,,,,,,,,,,,,,,,,,
147,Super Mario Wave,Toma36,FDeFran,72240540,"1,048",Yes,https://youtu.be/dAVqGN9WKDU?si=a93AhhUF2LOIiwUo,Insane,,,,,,,,,,,,,,,,,
148,FEEL,Renn241,qxwr,85252871,~600,No,https://youtu.be/V0L3BzvhjcU?si=3aG7J--Wf7aCu3qQ,Insane,,,,,,,,,,,,,,,,,
149,Supersonic,ZenthicAlpha,RTwoSix,4706930,7460,No,https://youtu.be/8QhFevm9bZs?si=aF1H997ZqtwLSRWj,Insane,,,,,,,,,,,,,,,,,
150,Flat Major,EndLevel,dpoopoop,26441161,-,No,https://youtu.be/QJ7p5RWVEio?si=eARh4VuJ4z7IymTA,Insane,,,,,,,,,,,,,,,,,
151,Apache,Shocksidian,dpoopoop,60129422,-,No,https://youtu.be/2pgDkruVG_c?si=Yvw4zIlCWXVC1KBS,Insane,,,,,,,,,,,,,,,,,
152,MikuMikuMikuMiku,OddMod,RTwoSix,82824219,-,No,https://www.youtube.com/watch?v=JdD8Wcl9wfY,Insane,,,,,,,,,,,,,,,,,
153,Sine Wavs,Dorami,RTwoSix,8723596,"<1,000",No,https://youtu.be/kUK4k_x5pPw?si=hA7eCBt1Kt0RYMNe,Insane,,,,,,,,,,,,,,,,,
154,Cursed Nightmare,Ghotstav,Sfericzox,63245954,-,No,https://www.youtube.com/watch?v=SbGhMFvXnKk&ab_channel=Smiffy777,Insane,,,,,,,,,,,,,,,,,
155,Arcane Ascent,Alkali,RTwoSix,61529436,"7,020",No,https://youtu.be/l43l85pW8Ko?si=xqiuE1EPEawqquop,Insane,,,,,,,,,,,,,,,,,
156,Future Funk II,JonathanGD,Bustrige,59626284,1546,No,https://www.youtube.com/watch?v=OGBt6qmQvmA,Insane,,,,,,,,,,,,,,,,,
157,My Time,Blueskiii,Sfericzox,82595578,-,No,https://www.youtube.com/watch?v=YGGpI_rFaBk,Insane,,,,,,,,,,,,,,,,,
158,Sleepless,ChaSe,Sfericzox,61067595,-,No,https://youtu.be/EavXyCEULCw?si=marv8yFhB35r6v9q,Insane,,,,,,,,,,,,,,,,,
159,Fool Moon Paranoid,unne,Sfericzox,87932531,-,No,https://www.youtube.com/watch?v=1bL9VGoRS98,Insane,,,,,,,,,,,,,,,,,
160,Flush,Loltad,Sfericzox,93698697,-,No,https://www.youtube.com/watch?v=_cLzCIhTulQ,Insane,,,,,,,,,,,,,,,,,
161,Buff This,BoyoftheCones,Aero,38306937,-,No,https://youtu.be/imRQ8VNIF7k?feature=shared,Insane,,,,,,,,,,,,,,,,,
162,Steel Nightmares,cornfungu,Sfericzox,87243839,-,No,https://www.youtube.com/watch?v=iXHFOPssJpk,Insane,,,,,,,,,,,,,,,,,
163,Feral,Insidee,Sfericzox,66765209,-,No,https://www.youtube.com/watch?v=5GU1PJnWVO4,Insane,,,,,,,,,,,,,,,,,
164,zuttomae,Wyntaee,Sfericzox,91578599,-,No,https://www.youtube.com/watch?v=PRpiYVKmCcM,Insane,,,,,,,,,,,,,,,,,
165,Interstellar Infant,Fault,dpoopoop,65496280,-,No,https://youtu.be/WDWk7rqIkA0?si=UkBxlnoQkzZXHpUL,Insane,,,,,,,,,,,,,,,,,
166,Plasma Pulse,Giron,Sfericzox,8148420,-,No,https://youtu.be/KkpIMc7DkiY?si=2d8LEAzq8DK7ezl8,Insane,,,,,,,,,,,,,,,,,
167,FuryDynamix,ZenthicAlpha,3point1,7564845,-,No,https://youtu.be/BDBA_dx2Qqc?si=MDirTgLe94pbWmzL,Insane,,,,,,,,,,,,,,,,,
168,Fake A Doom,LunarSimg,CyanGuy111,5298076,-,No,https://youtu.be/PG863jnOv44?si=YD4wUHXvk9L3cTBv,Insane,,,,,,,,,,,,,,,,,
169,Magma Bound,ScorchVx,dpoopoop,56568010,-,No,https://youtu.be/5G27maZC6aU?si=aHhaOtPvtIFDIjBL,Insane,,,,,,,,,,,,,,,,,
170,i stole this,Shulkern,dpoopoop,65984971,-,No,https://youtu.be/STdveV9D1So?si=BGghkhTTMU54e0hg,Insane,,,,,,,,,,,,,,,,,
171,Stalemate,Nox,qxwr,4545425,3036,No,https://youtu.be/rtm0flhztcU?si=veQJqv2ckg07-Mwf,Insane,,,,,,,,,,,,,,,,,
172,10HEX,krenogd,CyanGuy111,75199399,-,No,https://youtu.be/hKUGeE7QCdA?si=7I4g0Mi14jpAIAB1,Insane,,,,,,,,,,,,,,,,,
173,Poltergeist,Andromeda GMD,RTwoSix,7054561,-,No,https://youtu.be/L2TDy8h72AI?si=td4a06fCPgetuh78,Insane,,,,,,,,,,,,,,,,,
174,SFW,hiavl,Sfericzox,64049847,"~5,500",No,https://www.youtube.com/watch?v=VWQCoHL0cB8,Insane,,,,,,,,,,,,,,,,,
175,Inane Demon,KiwiPenguin,qxwr,89743050,"~1,000",No,https://www.youtube.com/watch?v=I5dkVwV5D9c&ab_channel=KiwiPenguin,Insane,,,,,,,,,,,,,,,,,
176,Fake A Might,LunarSimg,CyanGuy111,27919097,9988,No,https://www.youtube.com/watch?v=tYjKseK-QbM,Insane,,,,,,,,,,,,,,,,,
177,Crazy II,DavJT,Bustrige,47620786,880,No,https://www.youtube.com/watch?v=gyHOPjrYnUk,Insane,,,,,,,,,,,,,,,,,
178,Sharp Minor,Giron,RTwoSix,10312917,938,No,https://youtu.be/o6uhnRfJW2I?si=5kqmXamfrPUZohN7,Hard,,,,,,,,,,,,,,,,,
179,TENDO,gradientxd,Sfericzox,67018065,-,No,https://youtu.be/ND_I2kx7ifM?si=_Im9_QK7bmLShfvt,Insane,,,,,,,,,,,,,,,,,
180,Crossroads,mbed,dpoopoop,77031301,-,No,https://youtu.be/pzHrH6qZpcc?si=H8oLgS74cuY4Rmtj,Insane,,,,,,,,,,,,,,,,,
181,Buh,MazZedy,Xeoscorp,71084738,-,No,https://www.youtube.com/watch?v=mWpMcOy4mp0&ab_channel=Xeoscorp,Insane,,,,,,,,,,,,,,,,,
182,Windy Landscape,WOOGI1411,RTwoSix,4957691,7242,No,https://youtu.be/IL_qxBWhe18?si=Mmz4R6JGWIFbtyuf,Insane,,,,,,,,,,,,,,,,,
183,Snap to Grid,universedevon,dpoopoop,84035083,-,No,https://www.youtube.com/watch?v=SwaDb7ueYn4,Hard,,,,,,,,,,,,,,,,,
184,64,Sillow,qxwr,65731116,455,No,https://youtu.be/X-PQT8o9-lU?feature=shared,Insane,,,,,,,,,,,,,,,,,
185,Horntail Cave,KeiAs,Xeoscorp,7005127,-,No,https://youtu.be/ClKOezl5khc?si=LEKmWe9ZAi4dVFej,Insane,,,,,,,,,,,,,,,,,
186,Game Time,SimilarAMZ,RTwoSix,43945511,1290,No,https://youtu.be/PkEBKeq2SX8?si=ZX46wU_XhjCiIJib,Insane,,,,,,,,,,,,,,,,,
187,DAMAGE,N1mda,dpoopoop,84324862,357,No,https://www.youtube.com/watch?v=54QRkx7rWo0&t=12s,Hard,,,,,,,,,,,,,,,,,
188,Puzzle Trials,FunnyGame,Sfericzox,27541081,-,No,https://youtu.be/qn6n-R6YXiY?si=IJkViVot7xpB1P4H,Insane,,,,,,,,,,,,,,,,,
189,Forsaken Neon,Zobros & TriAxis,RTwoSix,6300721,"1,532",No,https://youtu.be/KsQaifwgl20?feature=shared,Insane,,,,,,,,,,,,,,,,,
190,ThermoDynamix,flash,amigmd,38445559,-,No,https://youtu.be/X0x_5BhaWGE?si=xbsei106HjYUsVJN,Hard,,,,,,,,,,,,,,,,,
191,overnight,N1mda,Aero,82210980,,No,https://youtu.be/-dDmHwlV7eQ?si=MhKMR0DDr067z6j7,Hard,,,,,,,,,,,,,,,,,
192,big  daddy,DeadVoxelx,DeadVoxelx,91076136,-,No,https://youtu.be/CI_mPh2obYo?si=P9-USfS5IxmtdjBW,Hard,,,,,,,,,,,,,,,,,
193,Hypnotic Travel,Alkatraz,dpoopoop,37040027,-,No,https://youtu.be/0yOTmZQmgdg?si=waX5qDB0jiCJJa8A,Hard,,,,,,,,,,,,,,,,,
194,Future Funk,JonathanGD,Bustrige,44062068,"4,898",No,https://youtu.be/wViXk3BVG4A?si=Me5d2fN_q00VoRI4,Hard,,,,,,,,,,,,,,,,,
195,star crush angel,gogBone,qxwr,97474554,~150,No,https://youtu.be/cm5kO8NssJc?si=KYP7VTKo9Lhmf40q,Hard,,,,,,,,,,,,,,,,,
196,Clubstep EX,ZenthicAlpha,amigmd,726062,2040,No,https://youtu.be/5k8_zq6TBd0?si=zxrD1K4_esCp78Yw,Hard,,,,,,,,,,,,,,,,,
